Key;Sprint;Sprint;Sprint;Sprint;Sprint;Sprint;Sprint;Sprint;Sprint;Sprint
1;;;;;;;;;;
2;;;;;;;;;;
3;;;;;;;;;;
4;;;;;;;;;;
5;;;;;;;;;;
6;;;;;;;;;;
7;;;;;;;;;;
8;;;;;;;;;;
9;;;;;;;;;;
10;1;;;;;;;;;
11;;;;;;;;;;
12;;;;;;;;;;
13;1;4;;;;;;;;
14;;;;;;;;;;
15;1;;;;;;;;;
16;1;;;;;;;;;
17;1;;;;;;;;;
18;1;;;;;;;;;
19;1;;;;;;;;;
20;1;;;;;;;;;
21;;;;;;;;;;
22;;;;;;;;;;
23;;;;;;;;;;
24;2;3;4;;;;;;;
25;2;;;;;;;;;
26;;;;;;;;;;
27;;;;;;;;;;
28;;;;;;;;;;
29;;;;;;;;;;
30;;;;;;;;;;
31;;;;;;;;;;
32;;;;;;;;;;
33;2;3;;;;;;;;
34;2;3;;;;;;;;
35;;;;;;;;;;
36;2;3;;;;;;;;
37;;;;;;;;;;
38;7;8;;;;;;;;
39;;;;;;;;;;
40;;;;;;;;;;
41;2;3;;;;;;;;
42;2;3;;;;;;;;
43;2;3;;;;;;;;
44;2;3;;;;;;;;
45;2;3;;;;;;;;
46;2;3;;;;;;;;
47;2;3;;;;;;;;
48;2;3;;;;;;;;
49;2;3;;;;;;;;
50;2;3;;;;;;;;
51;2;3;;;;;;;;
52;4;;;;;;;;;
53;;;;;;;;;;
54;3;4;;;;;;;;
55;3;4;5;;;;;;;
56;3;;;;;;;;;
57;;;;;;;;;;
58;2;3;;;;;;;;
59;3;4;;;;;;;;
60;3;4;;;;;;;;
61;3;4;;;;;;;;
62;4;;;;;;;;;
63;3;;;;;;;;;
64;3;;;;;;;;;
65;;;;;;;;;;
66;;;;;;;;;;
67;;;;;;;;;;
68;3;;;;;;;;;
69;3;;;;;;;;;
70;;;;;;;;;;
71;;;;;;;;;;
72;3;;;;;;;;;
73;;;;;;;;;;
74;;;;;;;;;;
75;;;;;;;;;;
76;;;;;;;;;;
77;;;;;;;;;;
78;4;;;;;;;;;
79;4;5;6;;;;;;;
80;4;;;;;;;;;
81;;;;;;;;;;
82;5;6;;;;;;;;
83;5;;;;;;;;;
84;5;;;;;;;;;
85;9;;;;;;;;;
86;6;;;;;;;;;
87;5;;;;;;;;;
88;4;5;;;;;;;;
89;5;;;;;;;;;
90;5;;;;;;;;;
91;5;;;;;;;;;
92;3;4;;;;;;;;
93;3;4;;;;;;;;
94;6;;;;;;;;;
95;8;;;;;;;;;
96;6;;;;;;;;;
97;6;;;;;;;;;
98;6;;;;;;;;;
99;9;;;;;;;;;
100;;;;;;;;;;
101;;;;;;;;;;
102;6;;;;;;;;;
103;6;;;;;;;;;
104;;;;;;;;;;
105;;;;;;;;;;
106;6;;;;;;;;;
107;6;7;;;;;;;;
108;7;;;;;;;;;
109;7;;;;;;;;;
110;6;;;;;;;;;
111;7;;;;;;;;;
112;;;;;;;;;;
113;7;8;;;;;;;;
114;11;;;;;;;;;
115;9;;;;;;;;;
116;9;;;;;;;;;
117;9;;;;;;;;;
118;9;;;;;;;;;
119;;;;;;;;;;
120;11;12;;;;;;;;
121;7;;;;;;;;;
122;7;8;9;;;;;;;
123;7;;;;;;;;;
124;7;;;;;;;;;
125;7;8;9;;;;;;;
126;;;;;;;;;;
127;8;;;;;;;;;
128;8;;;;;;;;;
129;9;;;;;;;;;
130;9;;;;;;;;;
131;33;;;;;;;;;
132;14;15;16;17;18;;;;;
133;9;;;;;;;;;
134;8;;;;;;;;;
135;;;;;;;;;;
136;9;;;;;;;;;
137;;;;;;;;;;
138;13;;;;;;;;;
139;12;;;;;;;;;
140;8;;;;;;;;;
141;9;;;;;;;;;
142;;;;;;;;;;
143;9;;;;;;;;;
144;9;;;;;;;;;
145;8;;;;;;;;;
146;8;;;;;;;;;
147;8;;;;;;;;;
148;17;18;;;;;;;;
149;;;;;;;;;;
150;;;;;;;;;;
151;;;;;;;;;;
152;9;;;;;;;;;
153;11;12;;;;;;;;
154;;;;;;;;;;
155;10;;;;;;;;;
156;11;;;;;;;;;
157;19;;;;;;;;;
158;9;;;;;;;;;
159;10;;;;;;;;;
160;;;;;;;;;;
161;10;;;;;;;;;
162;;;;;;;;;;
163;;;;;;;;;;
164;10;;;;;;;;;
165;22;23;24;;;;;;;
166;13;14;;;;;;;;
167;;;;;;;;;;
168;;;;;;;;;;
169;12;;;;;;;;;
170;10;;;;;;;;;
171;;;;;;;;;;
172;10;;;;;;;;;
173;10;;;;;;;;;
174;11;;;;;;;;;
175;10;;;;;;;;;
176;10;;;;;;;;;
177;11;;;;;;;;;
178;12;13;;;;;;;;
179;10;;;;;;;;;
180;13;;;;;;;;;
181;15;16;;;;;;;;
182;;;;;;;;;;
183;13;;;;;;;;;
184;14;;;;;;;;;
185;13;;;;;;;;;
186;10;;;;;;;;;
187;10;;;;;;;;;
188;12;;;;;;;;;
189;12;13;14;;;;;;;
190;10;;;;;;;;;
191;;;;;;;;;;
192;10;;;;;;;;;
193;;;;;;;;;;
194;;;;;;;;;;
195;45;46;47;;;;;;;
196;;;;;;;;;;
197;;;;;;;;;;
198;;;;;;;;;;
199;11;12;;;;;;;;
200;11;;;;;;;;;
201;11;;;;;;;;;
202;13;14;;;;;;;;
203;;;;;;;;;;
204;;;;;;;;;;
205;;;;;;;;;;
206;;;;;;;;;;
207;;;;;;;;;;
208;;;;;;;;;;
209;12;;;;;;;;;
210;11;12;;;;;;;;
211;10;;;;;;;;;
212;;;;;;;;;;
213;11;;;;;;;;;
214;11;;;;;;;;;
215;11;;;;;;;;;
216;11;12;;;;;;;;
217;15;16;;;;;;;;
218;;;;;;;;;;
219;11;;;;;;;;;
220;11;;;;;;;;;
221;;;;;;;;;;
222;;;;;;;;;;
223;;;;;;;;;;
224;20;21;;;;;;;;
225;13;;;;;;;;;
226;;;;;;;;;;
227;;;;;;;;;;
228;12;13;;;;;;;;
229;16;;;;;;;;;
230;19;;;;;;;;;
231;13;;;;;;;;;
232;;;;;;;;;;
233;;;;;;;;;;
234;13;14;;;;;;;;
235;;;;;;;;;;
236;14;;;;;;;;;
237;15;16;;;;;;;;
238;16;;;;;;;;;
239;;;;;;;;;;
240;;;;;;;;;;
241;14;;;;;;;;;
242;;;;;;;;;;
243;14;;;;;;;;;
244;14;;;;;;;;;
245;14;;;;;;;;;
246;15;16;;;;;;;;
247;14;;;;;;;;;
248;15;;;;;;;;;
249;15;;;;;;;;;
250;16;;;;;;;;;
251;;;;;;;;;;
252;14;15;16;;;;;;;
253;14;;;;;;;;;
254;;;;;;;;;;
255;;;;;;;;;;
256;;;;;;;;;;
257;;;;;;;;;;
258;15;;;;;;;;;
259;15;16;;;;;;;;
260;15;;;;;;;;;
261;15;;;;;;;;;
262;15;;;;;;;;;
263;15;16;;;;;;;;
264;;;;;;;;;;
265;19;20;;;;;;;;
266;15;;;;;;;;;
267;15;;;;;;;;;
268;15;16;;;;;;;;
269;17;18;;;;;;;;
270;;;;;;;;;;
271;21;;;;;;;;;
272;21;;;;;;;;;
273;16;;;;;;;;;
274;16;17;;;;;;;;
275;;;;;;;;;;
276;;;;;;;;;;
277;;;;;;;;;;
278;;;;;;;;;;
279;;;;;;;;;;
280;16;;;;;;;;;
281;17;18;;;;;;;;
282;16;;;;;;;;;
283;15;;;;;;;;;
284;15;;;;;;;;;
285;15;;;;;;;;;
286;16;;;;;;;;;
287;;;;;;;;;;
288;;;;;;;;;;
289;20;21;22;;;;;;;
290;16;;;;;;;;;
291;;;;;;;;;;
292;;;;;;;;;;
293;16;;;;;;;;;
294;17;;;;;;;;;
295;17;18;;;;;;;;
296;;;;;;;;;;
297;;;;;;;;;;
298;16;;;;;;;;;
299;17;;;;;;;;;
300;17;;;;;;;;;
301;17;;;;;;;;;
302;;;;;;;;;;
303;18;19;;;;;;;;
304;18;19;20;;;;;;;
305;;;;;;;;;;
306;18;;;;;;;;;
307;18;;;;;;;;;
308;;;;;;;;;;
309;;;;;;;;;;
310;;;;;;;;;;
311;17;;;;;;;;;
312;17;;;;;;;;;
313;17;18;;;;;;;;
314;17;;;;;;;;;
315;17;;;;;;;;;
316;18;;;;;;;;;
317;19;20;;;;;;;;
318;17;;;;;;;;;
319;18;;;;;;;;;
320;;;;;;;;;;
321;21;;;;;;;;;
322;20;21;22;;;;;;;
323;;;;;;;;;;
324;19;20;;;;;;;;
325;19;;;;;;;;;
326;23;;;;;;;;;
327;;;;;;;;;;
328;20;;;;;;;;;
329;;;;;;;;;;
330;19;;;;;;;;;
331;20;;;;;;;;;
332;20;21;22;23;;;;;;
333;21;;;;;;;;;
334;;;;;;;;;;
335;21;;;;;;;;;
336;20;21;22;;;;;;;
337;20;;;;;;;;;
338;20;;;;;;;;;
339;21;;;;;;;;;
340;20;21;22;;;;;;;
341;22;;;;;;;;;
342;25;26;;;;;;;;
343;25;26;27;;;;;;;
344;;;;;;;;;;
345;;;;;;;;;;
346;33;;;;;;;;;
347;;;;;;;;;;
348;;;;;;;;;;
349;;;;;;;;;;
350;;;;;;;;;;
351;22;;;;;;;;;
352;;;;;;;;;;
353;21;;;;;;;;;
354;22;;;;;;;;;
355;22;23;24;;;;;;;
356;24;;;;;;;;;
357;;;;;;;;;;
358;;;;;;;;;;
359;24;;;;;;;;;
360;22;23;24;25;26;27;28;29;30;
361;22;;;;;;;;;
362;25;26;27;;;;;;;
363;;;;;;;;;;
364;23;;;;;;;;;
365;24;;;;;;;;;
366;;;;;;;;;;
367;25;;;;;;;;;
368;26;;;;;;;;;
369;23;;;;;;;;;
370;22;;;;;;;;;
371;25;;;;;;;;;
372;;;;;;;;;;
373;22;;;;;;;;;
374;;;;;;;;;;
375;;;;;;;;;;
376;;;;;;;;;;
377;22;;;;;;;;;
378;25;;;;;;;;;
379;22;23;;;;;;;;
380;;;;;;;;;;
381;24;;;;;;;;;
382;23;24;25;26;27;28;29;30;31;
383;26;;;;;;;;;
384;24;;;;;;;;;
385;24;;;;;;;;;
386;30;31;;;;;;;;
387;24;26;27;;;;;;;
388;23;;;;;;;;;
389;29;30;31;32;;;;;;
390;23;;;;;;;;;
391;26;27;28;29;;;;;;
392;27;28;29;;;;;;;
393;25;26;;;;;;;;
394;32;;;;;;;;;
395;25;;;;;;;;;
396;24;;;;;;;;;
397;24;;;;;;;;;
398;24;;;;;;;;;
399;24;;;;;;;;;
400;25;;;;;;;;;
401;27;;;;;;;;;
402;25;;;;;;;;;
403;25;;;;;;;;;
404;26;;;;;;;;;
405;27;28;31;;;;;;;
406;26;27;28;29;;;;;;
407;;;;;;;;;;
408;25;;;;;;;;;
409;26;27;;;;;;;;
410;;;;;;;;;;
411;;;;;;;;;;
412;;;;;;;;;;
413;27;28;29;;;;;;;
414;27;28;;;;;;;;
415;27;28;29;30;;;;;;
416;;;;;;;;;;
417;33;;;;;;;;;
418;34;;;;;;;;;
419;;;;;;;;;;
420;;;;;;;;;;
421;25;26;27;;;;;;;
422;25;26;27;;;;;;;
423;25;26;27;;;;;;;
424;25;26;27;;;;;;;
425;25;26;27;;;;;;;
426;25;26;27;;;;;;;
427;25;26;27;;;;;;;
428;28;29;30;;;;;;;
429;28;29;;;;;;;;
430;28;;;;;;;;;
431;29;;;;;;;;;
432;30;;;;;;;;;
433;30;;;;;;;;;
434;33;;;;;;;;;
435;39;40;;;;;;;;
436;30;;;;;;;;;
437;29;;;;;;;;;
438;;;;;;;;;;
439;;;;;;;;;;
440;30;31;32;;;;;;;
441;30;;;;;;;;;
442;;;;;;;;;;
443;;;;;;;;;;
444;31;32;;;;;;;;
445;40;41;;;;;;;;
446;31;;;;;;;;;
447;31;32;;;;;;;;
448;31;32;;;;;;;;
449;;;;;;;;;;
450;33;;;;;;;;;
451;;;;;;;;;;
452;32;33;;;;;;;;
453;32;;;;;;;;;
454;32;;;;;;;;;
455;32;;;;;;;;;
456;32;;;;;;;;;
457;;;;;;;;;;
458;;;;;;;;;;
459;;;;;;;;;;
460;;;;;;;;;;
461;32;;;;;;;;;
462;32;33;;;;;;;;
463;33;;;;;;;;;
464;33;;;;;;;;;
465;33;;;;;;;;;
466;;;;;;;;;;
467;;;;;;;;;;
468;36;;;;;;;;;
469;34;;;;;;;;;
470;33;;;;;;;;;
471;34;;;;;;;;;
472;34;;;;;;;;;
473;34;;;;;;;;;
474;34;;;;;;;;;
475;35;36;37;38;;;;;;
476;;;;;;;;;;
477;35;36;37;38;39;;;;;
478;34;;;;;;;;;
479;;;;;;;;;;
480;35;36;;;;;;;;
481;;;;;;;;;;
482;;;;;;;;;;
483;39;;;;;;;;;
484;35;;;;;;;;;
485;;;;;;;;;;
486;35;;;;;;;;;
487;36;37;;;;;;;;
488;36;;;;;;;;;
489;36;;;;;;;;;
490;36;37;38;;;;;;;
491;44;45;;;;;;;;
492;36;;;;;;;;;
493;36;;;;;;;;;
494;36;37;38;39;40;;;;;
495;36;37;38;39;;;;;;
496;37;;;;;;;;;
497;;;;;;;;;;
498;44;;;;;;;;;
499;36;37;38;;;;;;;
500;37;38;;;;;;;;
501;;;;;;;;;;
502;40;41;42;43;44;45;46;47;;
503;37;38;;;;;;;;
504;40;;;;;;;;;
505;37;38;;;;;;;;
506;44;45;;;;;;;;
507;37;38;39;;;;;;;
508;38;39;40;41;42;43;44;45;46;47
509;47;;;;;;;;;
510;38;;;;;;;;;
511;;;;;;;;;;
512;;;;;;;;;;
513;;;;;;;;;;
514;;;;;;;;;;
515;39;;;;;;;;;
516;40;;;;;;;;;
517;38;39;;;;;;;;
518;39;;;;;;;;;
519;38;39;;;;;;;;
520;;;;;;;;;;
521;39;;;;;;;;;
522;;;;;;;;;;
523;41;42;;;;;;;;
524;;;;;;;;;;
525;39;;;;;;;;;
526;40;41;42;43;44;;;;;
527;39;;;;;;;;;
528;40;41;;;;;;;;
529;39;;;;;;;;;
530;39;;;;;;;;;
531;39;;;;;;;;;
532;40;;;;;;;;;
533;40;41;42;;;;;;;
534;41;42;43;44;;;;;;
535;40;;;;;;;;;
536;40;;;;;;;;;
537;;;;;;;;;;
538;;;;;;;;;;
539;44;45;46;47;;;;;;
540;47;;;;;;;;;
541;;;;;;;;;;
542;;;;;;;;;;
543;47;;;;;;;;;
544;41;;;;;;;;;
545;41;;;;;;;;;
546;43;;;;;;;;;
547;44;45;;;;;;;;
548;;;;;;;;;;
549;;;;;;;;;;
550;41;42;;;;;;;;
551;42;;;;;;;;;
552;;;;;;;;;;
553;43;44;45;;;;;;;
554;42;43;44;45;;;;;;
555;43;44;45;;;;;;;
556;47;;;;;;;;;
557;;;;;;;;;;
558;44;45;46;;;;;;;
559;43;44;45;46;;;;;;
560;43;;;;;;;;;
561;44;45;;;;;;;;
562;;;;;;;;;;
563;;;;;;;;;;
564;;;;;;;;;;
565;46;47;;;;;;;;
566;45;46;47;;;;;;;
567;46;;;;;;;;;
568;;;;;;;;;;
569;47;;;;;;;;;
570;47;;;;;;;;;
571;47;;;;;;;;;
572;46;;;;;;;;;
573;47;;;;;;;;;
574;46;;;;;;;;;
575;;;;;;;;;;
576;;;;;;;;;;
577;47;;;;;;;;;
578;46;47;;;;;;;;
579;;;;;;;;;;
580;;;;;;;;;;
581;;;;;;;;;;
582;;;;;;;;;;
583;;;;;;;;;;
